[
  {
    "id": "7c803cc7-bd61-11eb-9672-a8a1595a0d25",
    "name": "Магазин \"Варшавка\"",
    "code": "ВАР",
    "info": "",
    "address": "Магазин \"Варшавка\"; 117105, г.Москва, муниципальный округ Донской, Варшавское ш, дом 18, корпус 1",
    "havePriceList": 1,
    "profile": null,
    "url": "https://yandex.ru/maps/org/vinopark/213618886739/?ll=37.620834%2C55.691963=17"
  },
  {
    "id": "90eeaa40-bfbb-11eb-82c8-001d7dd64d88",
    "name": "Магазин \"Садовая-Спасская\"",
    "code": "САД",
    "info": "",
    "address": "Магазин \"Садовая-Спасская\"; 107078, г. Москва, муниципальный округ Красносельский, ул. Садовая-Спасская 17/2",
    "havePriceList": 1,
    "profile": null,
    "url": "https://yandex.ru/maps/org/vinopark/236660759871/?ll=37.646777%2C55.769864=17"
  }
]
